Job Title,Skills,Experience,Qualifications,Responsibilities
Software Engineer,"writing efficient code, troubleshooting issues, collaboration","cross-functional teams, emerging technologies, best practices, databases, web development, software frameworks","Bachelor's degree in Computer Science or a related field, Proficiency in programming languages like Python, Java, or C++, Experience with databases, web development, and software frameworks","Develop, test, and deploy software applications., Write clean, maintainable, and scalable code., Collaborate with cross-functional teams to define and implement features., Troubleshoot and debug issues for optimal performance., Stay updated with emerging technologies and best practices."
Data Scientist,"Data analysis, Machine learning, Predictive analytics, Data visualization, Python programming, R programming, SQL programming",Experience with data visualization tools like Tableau or Power BI. ,"Bachelor's or Master's degree in Data Science, Computer Science, or a related field., Proficiency in Python, R, SQL, and machine learning frameworks.","Collect, clean, and analyze large datasets., Develop and deploy machine learning models., Build predictive analytics solutions to improve business outcomes., Communicate findings through reports and visualizations., Stay updated with advancements in data science and AI."
Product Manager,"Analytical, Leadership, Communication","Experience in product management, agile methodologies, and market research.","Bachelor's degree in Business, Computer Science, or a related field.","Define product vision and strategy based on market research and customer needs., Work closely with engineering, design, and marketing teams to develop and launch products., Prioritize features, create roadmaps, and manage product lifecycle., Analyze user feedback and data to optimize product performance., Ensure alignment between business goals and product development."
Cloud Engineer,"Cloud architecture design, Automation of deployments, CI/CD pipeline management, Monitoring of cloud systems, Troubleshooting issues, Cost optimization","Experience with cloud platforms like AWS, Azure, or Google Cloud","Bachelorâ€™s degree in Computer Science, IT, or related field, Proficiency in infrastructure-as-code (Terraform, CloudFormation), Strong scripting skills in Python, Bash, or PowerShell","Design and maintain cloud architecture for high availability and security, Automate deployments and manage CI/CD pipelines, Monitor cloud systems, troubleshoot issues, and optimize costs, Implement security best practices and compliance measures"
Cybersecurity Analyst,"analysis, problem-solving, network security, encryption, risk management","experience with security tools like SIEM, firewalls, and intrusion detection systems","Bachelor's degree in Cybersecurity, Computer Science, or related field, certifications like CEH, CISSP, or CompTIA Security+","Monitor and analyze security alerts to detect potential threats., Conduct vulnerability assessments and risk analysis., Implement security policies, firewalls, and encryption protocols., Investigate and respond to security breaches., Ensure compliance with cybersecurity regulations and best practices."
Machine Learning Engineer,"machine learning, Python, TensorFlow, PyTorch, Scikit-learn","Experience with data preprocessing, model deployment, and cloud platforms.","Bachelor's or Master's in Computer Science, Data Science, or a related field.","Develop and optimize machine learning models for various applications., Process and analyze large datasets to extract meaningful insights., Deploy and maintain AI models in production environments., Collaborate with data scientists, engineers, and product teams., Stay updated with the latest advancements in AI and ML."
DevOps Engineer,"CI/CD pipelines, infrastructure automation (Terraform, Ansible), system performance monitoring, collaboration with dev and ops teams, security best practices, compliance","containerization (Docker, Kubernetes), scripting languages (Python, Bash, PowerShell)","Bachelor's degree in Computer Science, IT, or related field, cloud platforms (AWS, Azure, Google Cloud)","develop and maintain CI/CD pipelines, automate infrastructure management, monitor system performance, collaborate with dev and ops teams, implement security best practices"
Full Stack Developer,"JavaScript, React, Node.js, databases (SQL/NoSQL), RESTful APIs, cloud services, version control (Git)",description,"Bachelor's degree in Computer Science or related field, equivalent experience","Develop and maintain web applications, Collaborate with designers and backend engineers to implement new features, Optimize application performance and ensure scalability, Troubleshoot and debug issues in a fast-paced environment, Stay updated with emerging web technologies and best practices"
Big Data Engineer,"Data pipelines, Distributed computing technologies, Big Data technologies (Hadoop, Spark, Kafka), Cloud platforms (AWS, Azure, GCP), SQL, Python, or Scala for data processing","Experience with Hadoop, Spark, Kafka, and distributed computing","Bachelor's/Master's degree in Computer Science, Data Engineering, or related field","Design and implement data pipelines for large-scale processing., Optimize data storage and retrieval for performance and scalability., Work with cloud-based and on-premises big data technologies., Ensure data security, integrity, and compliance., Collaborate with data scientists and analysts to support business needs."
AI Researcher,"machine learning, deep learning, NLP, Python, TensorFlow, PyTorch","research methodologies, model optimization","Ph.D., Master's in AI, Machine Learning or related field","conduct research in AI, deep learning, and NLP, develop and optimize machine learning models, publish findings in top-tier conferences and journals, collaborate with cross-functional teams to integrate AI solutions, stay updated with the latest AI advancements and technologies"
Database Administrator,"database administration, database performance optimization, data security, troubleshooting, backup management","Experience in database security, backups, and optimization.","Bachelor's degree in Computer Science or related field., Proficiency in SQL and database management systems (MySQL, PostgreSQL, Oracle, or MongoDB).","Install, configure, and maintain database systems., Optimize database performance and ensure data security., Perform backups, recovery, and troubleshooting., Monitor system performance and resolve database issues., Implement best practices for database design and management."
Network Engineer,"Designing network solutions, Troubleshooting network issues, Implementing security measures, Managing firewalls, routers, switches, and VPNs",Just listed under 'Responsibilities',"Bachelor's degree in Computer Science, IT, or a related field, Strong knowledge of networking protocols (TCP/IP, DNS, DHCP), Experience with firewalls, routers, and enterprise networking, Proficiency in Cisco, Juniper, or similar networking technologies","Design and deploy network solutions for optimal performance., Monitor network health and troubleshoot issues., Implement security measures to protect network integrity., Manage firewalls, routers, switches, and VPNs., Ensure compliance with networking best practices and standards."
Software Architect,"software design patterns, system architecture, cloud computing, microservices, DevOps practices, Java, Python, C++","No specific experience required, but relevant experience preferred","Bachelor's/Master's degree in Computer Science or related field, Strong expertise in software design patterns and system architecture, Proficiency in cloud computing, microservices, and DevOps practices, Experience with programming languages like Java, Python, or C++","Design and implement robust software architectures., Guide development teams in best coding and design practices., Ensure scalability, security, and performance of applications., Conduct architectural reviews and optimize system workflows., Stay updated with emerging technologies and industry trends."
Blockchain Developer,"design, develop, maintain, smart contracts, decentralized applications, cryptography protocols, blockchain infrastructure",:[,"Bachelor's degree in Computer Science, Information Technology, or a related field., Proficiency in Solidity, Ethereum, Hyperledger, or other blockchain frameworks., Experience with cryptography, smart contracts, and decentralized applications.","Develop and deploy secure smart contracts and blockchain applications., Optimize blockchain infrastructure for performance and scalability, Integrate blockchain solutions with existing systems., Ensure security and compliance in blockchain implementations., Stay updated with emerging blockchain technologies and trends."
IT Project Manager,"Project management, Leadership, Communication, Problem-solving, Risk mitigation",Proven experience in IT project management,"Bachelor's degree in IT, Computer Science, or related field, Knowledge of Agile, Scrum, and Waterfall methodologies","Define project scope, goals, and deliverables, Develop and manage project timelines, budgets, and resources, Coordinate between cross-functional teams and stakeholders, Identify and mitigate risks to ensure smooth project execution, Monitor progress and provide regular status updates"
Business Intelligence Analyst,"Data Analysis, Data Visualization, Statistical Analysis",N/A,"Bachelor's degree in Data Science, Business Analytics or a related field, Proficiency in SQL, Power BI, Tableau or similar tools","Collect, process and analyze business data to drive insights, Develop interactive dashboards and reports using BI tools, Collaborate with teams to improve data-driven decision-making, Ensure data accuracy and integrity in reporting"
Robotics Engineer,"Hardware-software integration, Motion control, AI-driven robotics solutions","Experience with embedded systems, motion planning, and AI applications in robotics.","Bachelor's or Master's degree in Robotics, Mechanical Engineering, or related field., Proficiency in C++, Python, and ROS (Robot Operating System)","Design, build, and test robotic systems for industrial or research applications., Develop software algorithms for navigation, control, and automation., Integrate sensors, actuators, and AI-based decision-making systems., Troubleshoot and optimize robotic performance., Stay updated with emerging robotics technologies and advancements."
Embedded Systems Engineer,"Embedded software development, Firmware development, Low-level programming, Real-time operating systems (RTOS), Microcontrollers, Hardware debugging tools","Experience with microcontrollers, RTOS, and hardware debugging tools.","Bachelor's degree in Electrical Engineering, Computer Engineering, or related field.","Develop, test, and optimize embedded software and firmware., Collaborate with hardware teams to ensure seamless integration., Debug and troubleshoot real-time system issues., Optimize power consumption and system performance., Stay updated with emerging technologies in embedded systems."
Quality Assurance Engineer,"test planning, manual and automated testing, bug identification, process optimization, collaboration with developers","Experience with testing tools like Selenium, JUnit, or TestNG","Bachelor's degree in Computer Science, Engineering, or related field","Develop and execute test plans, cases, and scripts., Identify and document software defects, ensuring timely resolution., Automate testing processes to improve efficiency., Collaborate with developers to enhance software quality., Conduct performance and security testing as needed."
UX/UI Designer,"designing wireframes, prototypes, user research, usability testing, collaboration with developers",No specific experience mentioned,"Bachelor's degree in Design or Human-Computer Interaction, Proficiency in design tools like Figma, Adobe XD, or Sketch","Designing user-friendly interfaces, Conducting user research and usability testing, Collaboration with developers to ensure accurate implementation, Staying updated with design trends and best practices"
